"year","week","total.specimens","percent.positive","flu","cough.medicine","flu.vaccine","flu.shot","flu.pharm","median_tmax","median_tmin","median_t","total_prcp"
2010,40,"54","0",NA,NA,NA,NA,NA,68,50,59,0.61
2010,41,"57","1.75",NA,NA,NA,NA,NA,64,44,54,1.1
2010,42,"71","1.41",NA,NA,NA,NA,NA,61,40,50.5,0.04
2010,43,"77","2.6",NA,NA,NA,NA,NA,71,49,60,0.14
2010,44,"68","0",NA,NA,NA,NA,NA,50,36,43,1.3
2010,45,"64","1.56",NA,NA,NA,NA,NA,56,33,44.5,0.4
2010,46,"84","3.57",NA,NA,NA,NA,NA,53,43,48,1.32
2010,47,"79","2.53",NA,NA,NA,NA,NA,48,31,39.5,0.16
2010,48,"97","3.09",NA,NA,NA,NA,NA,44,29,36.5,0.9
2010,49,"112","20.54",NA,NA,NA,NA,NA,34,23,28.5,1.77
2010,50,"110","19.09",NA,NA,NA,NA,NA,34,18,26,0.03
2010,51,"143","31.47",NA,NA,NA,NA,NA,36,26,31,0.11
2010,52,"208","49.04",NA,NA,NA,NA,NA,37,20,28.5,0.05
2011,1,"273","45.05",11,35,18,8,4,35,23,29,0.16
2011,2,"265","38.49",10,25,6,4,18,30,19,24.5,0.54
2011,3,"276","51.09",8,30,3,3,16,29,17,23,0.75
2011,4,"239","41.84",5,31,4,1,3,31,10,20.5,0.5
2011,5,"287","45.99",4,19,3,2,92,28,14,21,1.05
2011,6,"291","42.96",3,32,0,1,0,35,13,24,0.26
2011,7,"404","48.27",3,17,6,1,0,51,19,35,0
2011,8,"363","49.59",3,12,9,2,101,38,18,28,1.68
2011,9,"326","42.02",9,19,18,20,1,44,25,34.5,2.21
2011,10,"322","36.34",16,29,44,50,14,NA,31,NA,1.8
2011,11,"316","31.65",10,22,24,22,1,48,30,39,0.39
2011,12,"297","25.25",9,34,15,11,1,44,31,37.5,0.19
2011,13,"250","21.6",NA,NA,NA,NA,NA,48,34,41,0.4
2011,14,"188","18.62",NA,NA,NA,NA,NA,57,36,46.5,0.31
2011,15,"162","14.81",NA,NA,NA,NA,NA,61,45,53,2.83
2011,16,"147","14.97",NA,NA,NA,NA,NA,56,43,49.5,0.63
2011,17,"146","6.16",NA,NA,NA,NA,NA,70,55,62.5,0.2
2011,18,"123","0.81",NA,NA,NA,NA,NA,71,43,57,0.43
2011,19,"115","0",NA,NA,NA,NA,NA,71,53,62,0.8
2011,20,"132","0",NA,NA,NA,NA,NA,65,53,59,2.04
2011,21,"118","2.54",NA,NA,NA,NA,NA,82,61,71.5,0.29
2011,22,"130","0",NA,NA,NA,NA,NA,79,59,69,0.74
2011,23,"94","0",NA,NA,NA,NA,NA,86,61,73.5,2.79
2011,24,"104","0",NA,NA,NA,NA,NA,82,59,70.5,1.01
2011,25,"108","0",NA,NA,NA,NA,NA,81,62,71.5,1.6
2011,26,NA,NA,NA,NA,NA,NA,NA,83,64,73.5,0.08
2011,27,NA,NA,NA,NA,NA,NA,NA,88,67,77.5,0.68
2011,28,"14","0",NA,NA,NA,NA,NA,90,68,79,0.06
2011,29,NA,NA,NA,NA,NA,NA,NA,91,73,82,0.03
2011,30,NA,NA,NA,NA,NA,NA,NA,85,66,75.5,0.58
2011,31,NA,NA,NA,NA,NA,NA,NA,87,68,77.5,0.62
2011,32,NA,NA,NA,NA,NA,NA,NA,84,68,76,2.85
2011,33,NA,NA,NA,NA,NA,NA,NA,84,65,74.5,0.43
2011,34,NA,NA,NA,NA,NA,NA,NA,80,65,72.5,4.46
2011,35,NA,NA,NA,NA,NA,NA,NA,82,60,71,0
2011,36,NA,NA,NA,NA,NA,NA,NA,78,60,69,3.53
2011,37,NA,NA,NA,NA,NA,NA,NA,79,52,65.5,0.01
2011,38,NA,NA,NA,NA,NA,NA,NA,79,68,73.5,1.57
2011,39,"10","0",NA,NA,NA,NA,NA,77,60,68.5,1.57
2011,40,NA,NA,NA,NA,NA,NA,NA,67,46,56.5,0.56
2011,41,"11","9.09",NA,NA,NA,NA,NA,66,54,60,2.16
2011,42,NA,NA,NA,NA,NA,NA,NA,62,50,56,0.85
2011,43,NA,NA,NA,NA,NA,NA,NA,50,34,42,1.73
2011,44,"97","0",NA,NA,NA,NA,NA,52,28,40,0
2011,45,"138","0",NA,NA,NA,NA,NA,62,38,50,0.54
2011,46,"123","0",NA,NA,NA,NA,NA,58,48,53,0.83
2011,47,"124","0",NA,NA,NA,NA,NA,54,32,43,1.34
2011,48,"128","0",NA,NA,NA,NA,NA,NA,NA,NA,0.87
2011,49,"144","0",NA,NA,NA,NA,NA,49,30,39.5,3.02
2011,50,"153","0",NA,NA,NA,NA,NA,47,27,37,0.05
2011,51,"164","0",NA,NA,NA,NA,NA,47,32,39.5,0.68
2011,52,"163","0.61",NA,NA,NA,NA,NA,47,29,38,0.82
2012,1,"197","0",9,32,11,6,1,42,25.5,33.75,0
2012,2,"205","0.98",10,39,9,4,14,42,25,33.5,0.8
2012,3,"204","0.98",7,26,7,2,85,32,17,24.5,0.34
2012,4,"222","2.25",6,20,8,2,2,44,34,39,0.82
2012,5,"127","3.94",4,13,4,2,11,45,29,37,0
2012,6,"177","2.26",3,31,3,1,1,47,24,35.5,0
2012,7,"177","2.82",3,20,4,3,0,46,32,39,0.11
2012,8,"158","2.53",5,13,11,6,0,44,32,38,0.55
2012,9,"192","5.21",10,32,38,20,82,42,30,36,0.97
2012,10,"186","9.14",17,36,45,50,89,57,30,43.5,0.13
2012,11,"187","16.04",11,39,17,26,2,68,41,54.5,0.04
2012,12,"226","20.8",18,61,19,16,15,74,50,62,0.03
2012,13,"180","15.56",NA,NA,NA,NA,NA,53,34,43.5,0.38
2012,14,"183","15.85",NA,NA,NA,NA,NA,59,39,49,0
2012,15,"234","20.51",NA,NA,NA,NA,NA,62,43,52.5,0.08
2012,16,"220","20",NA,NA,NA,NA,NA,74,50,62,1.89
2012,17,"195","16.41",NA,NA,NA,NA,NA,60,40,50,0.83
2012,18,"151","13.25",NA,NA,NA,NA,NA,63,50,56.5,0.71
2012,19,"157","3.82",NA,NA,NA,NA,NA,68,49,58.5,0.78
2012,20,"189","5.29",NA,NA,NA,NA,NA,73,51,62,0.85
2012,21,"124","5.65",NA,NA,NA,NA,NA,78,60,69,0.49
2012,22,"145","4.83",NA,NA,NA,NA,NA,78,63,70.5,2.21
2012,23,"120","0.83",NA,NA,NA,NA,NA,76,53,64.5,0.18
2012,24,"121","0",NA,NA,NA,NA,NA,75,58,66.5,0.86
2012,25,"102","0.98",NA,NA,NA,NA,NA,86,64,75,1.34
2012,26,"112","0",NA,NA,NA,NA,NA,86,62,74,0.82
2012,27,"107","0",NA,NA,NA,NA,NA,90,68,79,0.08
2012,28,"98","1.02",NA,NA,NA,NA,NA,87,66,76.5,0.25
2012,29,"88","0",NA,NA,NA,NA,NA,84,70,77,0.45
2012,30,"100","0",NA,NA,NA,NA,NA,85,68,76.5,2.9
2012,31,"121","0",NA,NA,NA,NA,NA,90,69,79.5,1.04
2012,32,"99","0",NA,NA,NA,NA,NA,85,69,77,2.22
2012,33,"111","0.9",NA,NA,NA,NA,NA,82,64,73,1.28
2012,34,"107","0",NA,NA,NA,NA,NA,83,63,73,0
2012,35,"98","1.02",NA,NA,NA,NA,NA,86,61,73.5,0.19
2012,36,"104","0",NA,NA,NA,NA,NA,81,66,73.5,1.17
2012,37,"97","0",NA,NA,NA,NA,NA,74,53,63.5,0.02
2012,38,"134","0",NA,NA,NA,NA,NA,73,49,61,1.64
2012,39,"145","0",NA,NA,NA,NA,NA,66,53,59.5,1.18
2012,40,"158","0",NA,NA,NA,NA,NA,69,55,62,1.63
2012,41,"165","0",NA,NA,NA,NA,NA,57,42,49.5,0.29
2012,42,"169","0",NA,NA,NA,NA,NA,67,43,55,0.89
2012,43,"176","0",NA,NA,NA,NA,NA,62,50,56,0.11
2012,44,"167","0.6",NA,NA,NA,NA,NA,54,42.5,48.25,0.04
2012,45,"161","0.62",NA,NA,NA,NA,NA,44,32,38,0.15
2012,46,"144","2.08",NA,NA,NA,NA,NA,50,30,40,0.18
2012,47,"143","3.5",NA,NA,NA,NA,NA,50,28,39,0.05
2012,48,"162","7.41",NA,NA,NA,NA,NA,42,27,34.5,0.19
2012,49,"223","22.87",NA,NA,NA,NA,NA,48,33,40.5,0.51
2012,50,"272","33.09",NA,NA,NA,NA,NA,45,28,36.5,0.22
2012,51,"419","43.2",NA,NA,NA,NA,NA,44,34,39,1.98
2012,52,"547","50.27",NA,NA,NA,NA,NA,37,26.5,31.75,1.17
2013,1,"654","40.37",57,67,77,59,93,38,19,28.5,0
2013,2,"700","39",15,44,9,7,16,NA,NA,NA,0.23
2013,3,"597","31.32",10,37,10,3,16,42,29,35.5,0.42
2013,4,"419","29.83",9,22,7,2,13,25,11,18,0
2013,5,"352","22.73",5,22,4,1,66,33,22,27.5,1.12
2013,6,"271","21.03",4,14,10,2,1,32,21,26.5,0.62
2013,7,"208","15.87",3,14,4,3,1,43,30,36.5,0.29
2013,8,"193","11.4",3,22,11,2,19,39,24,31.5,0.22
2013,9,"159","22.64",13,30,43,31,71,43,33,38,0.82
2013,10,"157","20.38",21,31,64,59,26,44,31,37.5,0.38
2013,11,"181","9.39",13,37,31,27,2,43,30,36.5,0.9
2013,12,"177","11.3",13,41,10,15,70,41,27,34,0.59
2013,13,"166","9.64",NA,NA,NA,NA,NA,55,32,43.5,0.14
2013,14,"172","14.53",NA,NA,NA,NA,NA,53,32,42.5,0.02
2013,15,"175","13.14",NA,NA,NA,NA,NA,60,39,49.5,0.93
2013,16,"193","7.77",NA,NA,NA,NA,NA,62,40,51,0.38
2013,17,"118","7.63",NA,NA,NA,NA,NA,67,38,52.5,0.04
2013,18,"152","6.58",NA,NA,NA,NA,NA,70,43,56.5,0
2013,19,"149","4.7",NA,NA,NA,NA,NA,72,52,62,1
2013,20,"153","1.96",NA,NA,NA,NA,NA,63,45,54,0.13
2013,21,"143","0",NA,NA,NA,NA,NA,74,55,64.5,1.75
2013,22,"150","0",NA,NA,NA,NA,NA,85,61,73,1.04
2013,23,"156","0.64",NA,NA,NA,NA,NA,75,55,65,4.14
2013,24,"130","0",NA,NA,NA,NA,NA,74,54,64,4.54
2013,25,"106","0",NA,NA,NA,NA,NA,84,60,72,0.93
2013,26,"112","0.89",NA,NA,NA,NA,NA,85,70,77.5,1.67
2013,27,"77","0",NA,NA,NA,NA,NA,91,74,82.5,0.25
2013,28,"98","1.02",NA,NA,NA,NA,NA,85,72,78.5,1.23
2013,29,"92","0",NA,NA,NA,NA,NA,94,74,84,0.01
2013,30,"82","0",NA,NA,NA,NA,NA,83,65,74,0.99
2013,31,"71","0",NA,NA,NA,NA,NA,82,63,72.5,0.62
2013,32,"82","0",NA,NA,NA,NA,NA,79,58,68.5,1.27
2013,33,"80","0",NA,NA,NA,NA,NA,78,60,69,0.04
2013,34,"71","0",NA,NA,NA,NA,NA,82,62,72,0.02
2013,35,"71","0",NA,NA,NA,NA,NA,82,67,74.5,1.81
2013,36,"61","0",NA,NA,NA,NA,NA,78,55,66.5,0.27
2013,37,"86","0",NA,NA,NA,NA,NA,78,60,69,1.31
2013,38,"92","1.09",NA,NA,NA,NA,NA,73,49,61,0.87
2013,39,"129","0",NA,NA,NA,NA,NA,71,48,59.5,0.01
2013,40,"121","0",NA,NA,NA,NA,NA,75,52,63.5,1.14
2013,41,"123","0.81",NA,NA,NA,NA,NA,68,49,58.5,0.55
2013,42,"162","0",NA,NA,NA,NA,NA,66,48,57,0.11
2013,43,"138","1.45",NA,NA,NA,NA,NA,55,36,45.5,0.01
2013,44,"162","1.85",NA,NA,NA,NA,NA,61,37,49,0.29
2013,45,"168","1.19",NA,NA,NA,NA,NA,54,36,45,0.19
2013,46,"173","2.31",NA,NA,NA,NA,NA,53,30,41.5,0.09
2013,47,"154","2.6",NA,NA,NA,NA,NA,50,31,40.5,0.44
2013,48,"143","5.59",NA,NA,NA,NA,NA,39,27,33,2.26
2013,49,"217","8.29",NA,NA,NA,NA,NA,45,29,37,0.55
2013,50,"196","6.63",NA,NA,NA,NA,NA,33,19,26,0.67
2013,51,"187","13.9",NA,NA,NA,NA,NA,47,24,35.5,0.12
2013,52,"239","25.1",NA,NA,NA,NA,NA,39,22,30.5,1.8
2014,1,"340","23.53",27,76,34,32,27,31,14.5,22.75,0.16
2014,2,"451","33.26",15,42,13,7,20,35,16,25.5,1.19
2014,3,"490","32.04",13,49,16,5,24,44,28,36,0.65
2014,4,"536","32.09",12,48,3,3,17,24,11,17.5,0.03
2014,5,"452","27.21",5,13,6,1,3,43,20,31.5,0.02
2014,6,"377","25.46",3,22,3,1,1,31,16,23.5,1.17
2014,7,"381","21.78",4,10,7,2,1,32,20,26,0.86
2014,8,"377","15.38",5,11,13,6,1,39,24,31.5,0.76
2014,9,"335","15.52",13,21,33,27,19,33,12,22.5,0
2014,10,"307","19.54",27,30,82,72,91,32,15,23.5,0
2014,11,"367","20.16",14,40,37,31,3,44,30,37,0.35
2014,12,"355","25.92",16,58,30,23,12,47,23,35,0.74
2014,13,"368","25.82",NA,NA,NA,NA,NA,44,23,33.5,2.53
2014,14,"358","27.37",NA,NA,NA,NA,NA,56,34,45,0.73
2014,15,"401","25.19",NA,NA,NA,NA,NA,66,40,53,0.54
2014,16,"312","24.36",NA,NA,NA,NA,NA,60,32,46,1.62
2014,17,"320","19.06",NA,NA,NA,NA,NA,60,43,51.5,1.08
2014,18,"309","19.74",NA,NA,NA,NA,NA,65,42,53.5,2.55
2014,19,"187","9.09",NA,NA,NA,NA,NA,66,49,57.5,1
2014,20,"204","6.37",NA,NA,NA,NA,NA,70,52,61,1.62
2014,21,"178","3.37",NA,NA,NA,NA,NA,69,50,59.5,1.11
2014,22,"150","2.67",NA,NA,NA,NA,NA,NA,NA,NA,0.44
2014,23,"187","1.6",NA,NA,NA,NA,NA,80,57,68.5,0.33
2014,24,"153","0",NA,NA,NA,NA,NA,71,60,65.5,0.69
2014,25,"128","0.78",NA,NA,NA,NA,NA,82,56,69,0.1
2014,26,"113","2.65",NA,NA,NA,NA,NA,85,61,73,0.14
2014,27,"110","0",NA,NA,NA,NA,NA,88,63,75.5,3.02
2014,28,"105","0",NA,NA,NA,NA,NA,87,68,77.5,0.13
2014,29,"92","0",NA,NA,NA,NA,NA,80,63,71.5,1.37
2014,30,"95","0",NA,NA,NA,NA,NA,83,65,74,0.36
2014,31,"70","0",NA,NA,NA,NA,NA,79,62,70.5,0.17
2014,32,"69","1.45",NA,NA,NA,NA,NA,84,60,72,0.17
2014,33,"115","0",NA,NA,NA,NA,NA,77,62,69.5,1.7
2014,34,"75","1.33",NA,NA,NA,NA,NA,79,59,69,0.03
2014,35,"81","0",NA,NA,NA,NA,NA,85,62,73.5,0.72
2014,36,"85","0",NA,NA,NA,NA,NA,87,65,76,0.08
2014,37,"107","0",NA,NA,NA,NA,NA,74,55,64.5,0.24
2014,38,"105","0",NA,NA,NA,NA,NA,72,46,59,0.82
2014,39,"123","0.81",NA,NA,NA,NA,NA,71,51,61,0.07
2014,40,"221","2.71",NA,NA,NA,NA,NA,64,54,59,1.78
2014,41,"235","0.85",NA,NA,NA,NA,NA,67,42,54.5,0.3
2014,42,"255","1.96",NA,NA,NA,NA,NA,72,57,64.5,1.09
2014,43,"243","0.41",NA,NA,NA,NA,NA,56,43,49.5,0.77
2014,44,"231","0.43",NA,NA,NA,NA,NA,58,39,48.5,0.44
2014,45,"267","0",NA,NA,NA,NA,NA,56,37,46.5,0.23
2014,46,"268","1.12",NA,NA,NA,NA,NA,49,32,40.5,0.21
2014,47,"275","0.73",NA,NA,NA,NA,NA,43,24,33.5,1.39
2014,48,"211","2.37",NA,NA,NA,NA,NA,46,32,39,1.8
2014,49,"302","2.98",NA,NA,NA,NA,NA,39,33,36,1.27
2014,50,"293","8.19",NA,NA,NA,NA,NA,40,27,33.5,2.12
2014,51,"372","12.37",NA,NA,NA,NA,NA,37,29,33,0.31
2014,52,"367","17.17",NA,NA,NA,NA,NA,50,35,42.5,0.87
2014,53,"503","16.5",NA,NA,NA,NA,NA,NA,NA,NA,NA
2015,1,"677","20.68",24,52,28,14,54,37.5,23.5,30.5,0.6
2015,2,"670","21.79",18,44,10,5,121,24,14,19,0.1
2015,3,"658","26.14",13,31,13,4,21,36,13,24.5,1.54
2015,4,"615","23.74",9,32,11,2,99,37,25,31,0.52
2015,5,"712","23.17",5,25,8,1,1,28,13,20.5,0.16
2015,6,"728","22.53",4,7,7,1,2,29,10,19.5,0.8
2015,7,"694","18.59",3,20,6,2,2,24,11,17.5,0.26
2015,8,"498","18.67",5,20,17,4,0,24,-2,11,0.51
2015,9,"407","21.62",10,24,35,18,11,28,4,16,0.34
2015,10,"445","22.47",23,34,60,67,67,37,18,27.5,0.61
2015,11,"463","19.22",13,49,35,33,71,44,30,37,0.7
2015,12,"471","21.44",11,67,28,16,11,38,24,31,0.29
2015,13,"377","19.63",NA,NA,NA,NA,NA,44,25,34.5,0.61
2015,14,"486","14.61",NA,NA,NA,NA,NA,50,29,39.5,0.47
2015,15,"502","8.96",NA,NA,NA,NA,NA,53,34,43.5,0.77
2015,16,"418","8.61",NA,NA,NA,NA,NA,68,40,54,0.11
2015,17,"320","5.31",NA,NA,NA,NA,NA,58,38,48,2.33
2015,18,"266","4.89",NA,NA,NA,NA,NA,65,45,55,0
2015,19,"230","3.04",NA,NA,NA,NA,NA,83,53,68,0
2015,20,"258","0.78",NA,NA,NA,NA,NA,74,56,65,0.06
2015,21,"237","0.42",NA,NA,NA,NA,NA,73,50,61.5,0.53
2015,22,"181","1.1",NA,NA,NA,NA,NA,83,60,71.5,0.94
2015,23,"186","0",NA,NA,NA,NA,NA,71,48,59.5,2.18
2015,24,"186","0",NA,NA,NA,NA,NA,84,61,72.5,0.02
2015,25,"129","0.78",NA,NA,NA,NA,NA,76,60,68,2.14
2015,26,"135","1.48",NA,NA,NA,NA,NA,82,60,71,1.22
2015,27,"136","0.74",NA,NA,NA,NA,NA,79,60,69.5,0.22
2015,28,"119","1.68",NA,NA,NA,NA,NA,85,66,75.5,0.14
2015,29,"131","0",NA,NA,NA,NA,NA,82,66,74,0.21
2015,30,"108","0",NA,NA,NA,NA,NA,84,61,72.5,NA
2015,31,"118","1.69",NA,NA,NA,NA,NA,89,69,79,0.19
2015,32,"104","0.96",NA,NA,NA,NA,NA,83,62,72.5,0.03
2015,33,"89","0",NA,NA,NA,NA,NA,84,64,74,1.13
2015,34,"106","0.94",NA,NA,NA,NA,NA,86,69,77.5,0.22
2015,35,"109","0",NA,NA,NA,NA,NA,83,62,72.5,0.01
2015,36,"113","1.77",NA,NA,NA,NA,NA,87,65,76,0
2015,37,"127","0.79",NA,NA,NA,NA,NA,79,63,71,1.44
2015,38,"184","1.09",NA,NA,NA,NA,NA,84,55,69.5,0
2015,39,"228","0.88",NA,NA,NA,NA,NA,74,50,62,0
2015,40,"304","0.33",NA,NA,NA,NA,NA,63,52,57.5,2.41
2015,41,"347","3.75",NA,NA,NA,NA,NA,70,45,57.5,0.11
2015,42,"313","1.92",NA,NA,NA,NA,NA,64,40,52,0.04
2015,43,"335","0",NA,NA,NA,NA,NA,65,47,56,0.05
2015,44,"346","0",NA,NA,NA,NA,NA,59,39,49,1.23
2015,45,"298","0.34",NA,NA,NA,NA,NA,70,40,55,0
2015,46,"359","0.56",NA,NA,NA,NA,NA,58,42,50,0.75
2015,47,"353","0",NA,NA,NA,NA,NA,53,33,43,0.93
2015,48,"349","0.29",NA,NA,NA,NA,NA,48,31,39.5,0.14
2015,49,"343","0.58",NA,NA,NA,NA,NA,50,29,39.5,0.5
2015,50,"351","0.57",NA,NA,NA,NA,NA,58,39,48.5,0.01
2015,51,"327","1.22",NA,NA,NA,NA,NA,50,38,44,0.92
2015,52,"402","1.24",NA,NA,NA,NA,NA,60,43,51.5,1.46
2016,1,"427","1.87",10,94,10,10,11,NA,NA,NA,NA
2016,2,"384","4.43",15,51,13,6,67,NA,NA,NA,NA
2016,3,"417","6",20,55,8,6,27,NA,NA,NA,NA
2016,4,"502","6.57",11,53,9,4,161,NA,NA,NA,NA
2016,5,"456","10.09",7,31,5,2,3,NA,NA,NA,NA
2016,6,"508","6.5",4,29,3,1,1,NA,NA,NA,NA
2016,7,"541","14.23",3,20,7,2,8,NA,NA,NA,NA
2016,8,"674","20.77",4,29,10,5,8,NA,NA,NA,NA
2016,9,"719","21.56",12,37,41,28,57,NA,NA,NA,NA
2016,10,"863","26.65",19,46,39,57,49,NA,NA,NA,NA
2016,11,"815","22.58",14,50,26,34,8,NA,NA,NA,NA
2016,12,"783","16.09",16,73,17,21,13,NA,NA,NA,NA
2016,13,"638","15.99",NA,NA,NA,NA,NA,NA,NA,NA,NA
2016,14,"529","14.74",NA,NA,NA,NA,NA,NA,NA,NA,NA
2016,15,"460","12.17",NA,NA,NA,NA,NA,NA,NA,NA,NA
2016,16,"517","11.99",NA,NA,NA,NA,NA,NA,NA,NA,NA
2016,17,"434","10.6",NA,NA,NA,NA,NA,NA,NA,NA,NA
2016,18,"356","7.87",NA,NA,NA,NA,NA,NA,NA,NA,NA
2016,19,"361","6.93",NA,NA,NA,NA,NA,NA,NA,NA,NA
2016,20,"283","4.95",NA,NA,NA,NA,NA,NA,NA,NA,NA
2016,21,"240","2.92",NA,NA,NA,NA,NA,NA,NA,NA,NA
2016,22,"240","0.83",NA,NA,NA,NA,NA,NA,NA,NA,NA
2016,23,"201","0",NA,NA,NA,NA,NA,NA,NA,NA,NA
2016,24,"198","1.52",NA,NA,NA,NA,NA,NA,NA,NA,NA
2016,25,"158","0.63",NA,NA,NA,NA,NA,NA,NA,NA,NA
2016,26,"168","0.6",NA,NA,NA,NA,NA,NA,NA,NA,NA
2016,27,"161","0",NA,NA,NA,NA,NA,NA,NA,NA,NA
2016,28,"142","0",NA,NA,NA,NA,NA,NA,NA,NA,NA
2016,29,NA,NA,NA,NA,NA,NA,NA,NA,NA,NA,NA
2016,30,"26","0",NA,NA,NA,NA,NA,NA,NA,NA,NA
2016,31,"123","0",NA,NA,NA,NA,NA,NA,NA,NA,NA
2016,32,"101","0",NA,NA,NA,NA,NA,NA,NA,NA,NA
2016,33,"123","0.81",NA,NA,NA,NA,NA,NA,NA,NA,NA
2016,34,"118","0",NA,NA,NA,NA,NA,NA,NA,NA,NA
2016,35,"106","0.94",NA,NA,NA,NA,NA,NA,NA,NA,NA
2016,36,"133","0",NA,NA,NA,NA,NA,NA,NA,NA,NA
2016,37,"166","0",NA,NA,NA,NA,NA,NA,NA,NA,NA
2016,38,"199","1.01",NA,NA,NA,NA,NA,NA,NA,NA,NA
2016,39,"230","0.43",NA,NA,NA,NA,NA,NA,NA,NA,NA
2016,40,"199","1.51",NA,NA,NA,NA,NA,NA,NA,NA,NA
2016,41,"275","0.36",NA,NA,NA,NA,NA,NA,NA,NA,NA
2016,42,"318","0",NA,NA,NA,NA,NA,NA,NA,NA,NA
2016,43,"271","0",NA,NA,NA,NA,NA,NA,NA,NA,NA
2016,44,"254","1.57",NA,NA,NA,NA,NA,NA,NA,NA,NA
2016,45,"298","0.67",NA,NA,NA,NA,NA,NA,NA,NA,NA
2016,46,"350","1.14",NA,NA,NA,NA,NA,NA,NA,NA,NA
2016,47,"328","1.83",NA,NA,NA,NA,NA,NA,NA,NA,NA
2016,48,"390","1.28",NA,NA,NA,NA,NA,NA,NA,NA,NA
2016,49,"341","0.29",NA,NA,NA,NA,NA,NA,NA,NA,NA
2016,50,"391","3.32",NA,NA,NA,NA,NA,NA,NA,NA,NA
2016,51,"433","10.85",NA,NA,NA,NA,NA,NA,NA,NA,NA
2016,52,"653","17.3",NA,NA,NA,NA,NA,NA,NA,NA,NA
2017,1,"602","13.46",23,77,23,16,89,NA,NA,NA,NA
2017,2,"616","13.15",24,63,11,10,46,NA,NA,NA,NA
2017,3,"637","20.09",12,38,10,3,93,NA,NA,NA,NA
2017,4,"693","19.77",9,47,8,2,25,NA,NA,NA,NA
2017,5,"721","23.44",5,54,7,2,15,NA,NA,NA,NA
2017,6,"711","27.85",4,28,6,2,0,NA,NA,NA,NA
2017,7,"704","21.88",4,28,7,2,9,NA,NA,NA,NA
2017,8,"635","22.68",5,29,9,7,11,NA,NA,NA,NA
2017,9,"617","17.02",11,52,41,26,20,NA,NA,NA,NA
2017,10,"586","14.85",22,68,57,68,62,NA,NA,NA,NA
2017,11,"558","13.62",16,71,30,39,9,NA,NA,NA,NA
2017,12,"523","12.43",20,100,25,25,27,NA,NA,NA,NA
2017,13,"491","15.48",NA,NA,NA,NA,NA,NA,NA,NA,NA
2017,14,"497","16.3",NA,NA,NA,NA,NA,NA,NA,NA,NA
2017,15,"475","13.68",NA,NA,NA,NA,NA,NA,NA,NA,NA
2017,16,"478","12.13",NA,NA,NA,NA,NA,NA,NA,NA,NA
2017,17,"418","9.57",NA,NA,NA,NA,NA,NA,NA,NA,NA
2017,18,"322","6.21",NA,NA,NA,NA,NA,NA,NA,NA,NA
2017,19,"371","1.62",NA,NA,NA,NA,NA,NA,NA,NA,NA
2017,20,"312","1.92",NA,NA,NA,NA,NA,NA,NA,NA,NA
2017,21,"300","0.33",NA,NA,NA,NA,NA,NA,NA,NA,NA
2017,22,"281","1.42",NA,NA,NA,NA,NA,NA,NA,NA,NA
2017,23,"220","1.36",NA,NA,NA,NA,NA,NA,NA,NA,NA
2017,24,"245","0",NA,NA,NA,NA,NA,NA,NA,NA,NA
2017,25,"218","0.92",NA,NA,NA,NA,NA,NA,NA,NA,NA
2017,26,"191","0.52",NA,NA,NA,NA,NA,NA,NA,NA,NA
2017,27,"167","0",NA,NA,NA,NA,NA,NA,NA,NA,NA
2017,28,"174","1.15",NA,NA,NA,NA,NA,NA,NA,NA,NA
2017,29,"150","0.67",NA,NA,NA,NA,NA,NA,NA,NA,NA
2017,30,"183","1.64",NA,NA,NA,NA,NA,NA,NA,NA,NA
2017,31,"164","1.22",NA,NA,NA,NA,NA,NA,NA,NA,NA
2017,32,"176","1.7",NA,NA,NA,NA,NA,NA,NA,NA,NA
2017,33,"196","0.51",NA,NA,NA,NA,NA,NA,NA,NA,NA
2017,34,"184","0.54",NA,NA,NA,NA,NA,NA,NA,NA,NA
2017,35,"180","0.56",NA,NA,NA,NA,NA,NA,NA,NA,NA
2017,36,"190","0.53",NA,NA,NA,NA,NA,NA,NA,NA,NA
2017,37,"242","1.24",NA,NA,NA,NA,NA,NA,NA,NA,NA
2017,38,"293","0.68",NA,NA,NA,NA,NA,NA,NA,NA,NA
2017,39,"270","0.74",NA,NA,NA,NA,NA,NA,NA,NA,NA
2017,40,"287","0.35",NA,NA,NA,NA,NA,NA,NA,NA,NA
2017,41,"317","0.63",NA,NA,NA,NA,NA,NA,NA,NA,NA
2017,42,"347","1.15",NA,NA,NA,NA,NA,NA,NA,NA,NA
2017,43,"372","0.81",NA,NA,NA,NA,NA,NA,NA,NA,NA
2017,44,"429","1.4",NA,NA,NA,NA,NA,NA,NA,NA,NA
2017,45,"400","1",NA,NA,NA,NA,NA,NA,NA,NA,NA
2017,46,"489","1.23",NA,NA,NA,NA,NA,NA,NA,NA,NA
2017,47,"436","1.61",NA,NA,NA,NA,NA,NA,NA,NA,NA
2017,48,"479","1.04",NA,NA,NA,NA,NA,NA,NA,NA,NA
2017,49,"494","1.42",NA,NA,NA,NA,NA,NA,NA,NA,NA
2017,50,"596","4.87",NA,NA,NA,NA,NA,NA,NA,NA,NA
2017,51,"687","8.73",NA,NA,NA,NA,NA,NA,NA,NA,NA
2017,52,"818","10.76",NA,NA,NA,NA,NA,NA,NA,NA,NA
2018,1,"1266","13.19",89,100,68,74,124,NA,NA,NA,NA
2018,2,"1136","19.63",100,91,50,52,200,NA,NA,NA,NA
2018,3,"1265","22.53",22,53,7,6,110,NA,NA,NA,NA
2018,4,"1624","26.29",15,51,11,3,39,NA,NA,NA,NA
2018,5,"1597","26.36",7,35,5,3,59,NA,NA,NA,NA
2018,6,"1714","28.94",5,37,5,2,15,NA,NA,NA,NA
2018,7,"1814","29.49",5,29,6,2,9,NA,NA,NA,NA
2018,8,"1559","25.53",7,52,12,6,10,NA,NA,NA,NA
2018,9,"1251","19.9",16,55,36,36,10,NA,NA,NA,NA
2018,10,"1051","14.08",31,70,100,100,15,NA,NA,NA,NA
2018,11,"878","10.59",NA,NA,NA,NA,NA,NA,NA,NA,NA
2018,12,"744","11.16",NA,NA,NA,NA,NA,NA,NA,NA,NA
2018,13,"693","11.11",NA,NA,NA,NA,NA,NA,NA,NA,NA
2018,14,"662","11.63",NA,NA,NA,NA,NA,NA,NA,NA,NA
2018,15,"664","12.5",NA,NA,NA,NA,NA,NA,NA,NA,NA
2018,16,"567","10.05",NA,NA,NA,NA,NA,NA,NA,NA,NA
2018,17,"535","6.54",NA,NA,NA,NA,NA,NA,NA,NA,NA
2018,18,"447","2.91",NA,NA,NA,NA,NA,NA,NA,NA,NA
2018,19,"336","1.79",NA,NA,NA,NA,NA,NA,NA,NA,NA
2018,20,"364","1.1",NA,NA,NA,NA,NA,NA,NA,NA,NA
2018,21,"297","1.68",NA,NA,NA,NA,NA,NA,NA,NA,NA
2018,22,"284","1.06",NA,NA,NA,NA,NA,NA,NA,NA,NA
2018,23,"254","0.39",NA,NA,NA,NA,NA,NA,NA,NA,NA
2018,24,"258","0.39",NA,NA,NA,NA,NA,NA,NA,NA,NA
2018,25,"247","0",NA,NA,NA,NA,NA,NA,NA,NA,NA
2018,26,"227","0.88",NA,NA,NA,NA,NA,NA,NA,NA,NA
2018,27,"179","0",NA,NA,NA,NA,NA,NA,NA,NA,NA
2018,28,"178","0",NA,NA,NA,NA,NA,NA,NA,NA,NA
2018,29,"188","0",NA,NA,NA,NA,NA,NA,NA,NA,NA
2018,30,"194","0",NA,NA,NA,NA,NA,NA,NA,NA,NA
2018,31,"188","0",NA,NA,NA,NA,NA,NA,NA,NA,NA
2018,32,"181","0",NA,NA,NA,NA,NA,NA,NA,NA,NA
2018,33,"175","0",NA,NA,NA,NA,NA,NA,NA,NA,NA
2018,34,"185","0",NA,NA,NA,NA,NA,NA,NA,NA,NA
2018,35,"160","0",NA,NA,NA,NA,NA,NA,NA,NA,NA
2018,36,"187","0",NA,NA,NA,NA,NA,NA,NA,NA,NA
2018,37,"217","0",NA,NA,NA,NA,NA,NA,NA,NA,NA
2018,38,"258","0",NA,NA,NA,NA,NA,NA,NA,NA,NA
2018,39,"352","1.14",NA,NA,NA,NA,NA,NA,NA,NA,NA
2018,40,"766","0.52",NA,NA,NA,NA,NA,NA,NA,NA,NA
